timestamp,open,high,low,close,volume
2024-01-02T09:30:00-05:00,4700.0,4701.1630000000005,4698.65,4699.594,200588
2024-01-02T09:31:00-05:00,4699.594,4702.456,4695.335999999999,4699.109,78801
2024-01-02T09:32:00-05:00,4699.109,4700.033,4696.365,4698.5019999999995,67475
2024-01-02T09:33:00-05:00,4698.5019999999995,4699.678,4695.754,4698.8369999999995,164676
2024-01-02T09:34:00-05:00,4698.8369999999995,4702.966,4698.8099999999995,4699.542,213591
2024-01-02T09:35:00-05:00,4699.542,4706.208,4698.103,4703.253000000001,91652
2024-01-02T09:36:00-05:00,4703.253000000001,4706.126,4702.843,4705.733,221405
2024-01-02T09:37:00-05:00,4705.733,4708.29,4701.655,4705.073,199324
2024-01-02T09:38:00-05:00,4705.073,4706.6759999999995,4695.3640000000005,4697.697999999999,218013
2024-01-02T09:39:00-05:00,4697.697999999999,4700.313,4692.369,4696.0109999999995,170753
2024-01-02T09:40:00-05:00,4696.0109999999995,4696.974,4694.572,4695.795,77460
2024-01-02T09:41:00-05:00,4695.795,4696.778,4694.569,4694.996,114620
2024-01-02T09:42:00-05:00,4694.996,4696.56,4692.376,4693.261,112558
2024-01-02T09:43:00-05:00,4693.261,4697.217,4688.539,4691.275,176712
2024-01-02T09:44:00-05:00,4691.275,4694.165,4689.673000000001,4693.475,248035
2024-01-02T09:45:00-05:00,4693.475,4700.223,4691.121999999999,4697.518,190865
2024-01-02T09:46:00-05:00,4697.518,4701.214,4697.382,4700.245,121647
2024-01-02T09:47:00-05:00,4700.245,4701.377,4695.326,4696.217,239295
2024-01-02T09:48:00-05:00,4696.217,4700.782,4694.545,4698.01,233977
2024-01-02T09:49:00-05:00,4698.01,4699.951,4695.222,4696.341,108742
2024-01-02T09:50:00-05:00,4696.341,4698.812,4690.5599999999995,4694.353,137387
2024-01-02T09:51:00-05:00,4694.353,4695.280000000001,4689.365,4693.579,158036
2024-01-02T09:52:00-05:00,4693.579,4694.834,4690.929,4694.371,211014
2024-01-02T09:53:00-05:00,4694.371,4696.6849999999995,4694.102,4694.901,134053
2024-01-02T09:54:00-05:00,4694.901,4702.523,4691.264,4698.417,64652
2024-01-02T09:55:00-05:00,4698.417,4701.464,4695.511,4698.394,163181
2024-01-02T09:56:00-05:00,4698.394,4698.866,4696.193,4698.032,147573
2024-01-02T09:57:00-05:00,4698.032,4706.146,4694.3279999999995,4702.1089999999995,111885
2024-01-02T09:58:00-05:00,4702.1089999999995,4705.9710000000005,4696.724,4700.407,118458
2024-01-02T09:59:00-05:00,4700.407,4703.173,4697.831,4700.469,91157
2024-01-02T10:00:00-05:00,4700.469,4704.11,4698.226000000001,4700.816,62607
2024-01-02T10:01:00-05:00,4700.816,4702.188,4697.306,4697.388,236705
2024-01-02T10:02:00-05:00,4697.388,4702.613,4697.143,4701.312,227126
2024-01-02T10:03:00-05:00,4701.312,4705.317999999999,4697.349,4697.711,153623
2024-01-02T10:04:00-05:00,4697.711,4705.352,4697.169,4702.112,151615
2024-01-02T10:05:00-05:00,4702.112,4706.528,4700.99,4704.201,226081
2024-01-02T10:06:00-05:00,4704.201,4706.4839999999995,4699.467000000001,4702.5560000000005,100215
2024-01-02T10:07:00-05:00,4702.5560000000005,4704.862,4698.345,4703.5419999999995,184352
2024-01-02T10:08:00-05:00,4703.5419999999995,4704.055,4699.522,4700.473,125891
2024-01-02T10:09:00-05:00,4700.473,4704.338,4699.499,4701.848,103790
2024-01-02T10:10:00-05:00,4701.848,4706.4980000000005,4698.017,4705.528,223681
2024-01-02T10:11:00-05:00,4705.528,4707.635,4704.52,4707.335,187933
2024-01-02T10:12:00-05:00,4707.335,4711.722,4704.916,4707.758,151125
2024-01-02T10:13:00-05:00,4707.758,4712.639,4704.3369999999995,4709.314,98201
2024-01-02T10:14:00-05:00,4709.314,4713.661,4707.334,4711.865,199201
2024-01-02T10:15:00-05:00,4711.865,4716.5289999999995,4707.691,4713.673,80953
2024-01-02T10:16:00-05:00,4713.673,4717.3279999999995,4710.602,4711.656,98164
2024-01-02T10:17:00-05:00,4711.656,4715.129,4709.867,4713.226000000001,114727
2024-01-02T10:18:00-05:00,4713.226000000001,4715.206,4709.572999999999,4713.327,165685
2024-01-02T10:19:00-05:00,4713.327,4720.043,4709.088,4719.8279999999995,219255
2024-01-02T10:20:00-05:00,4719.8279999999995,4729.877,4719.121,4726.267,153557
2024-01-02T10:21:00-05:00,4726.267,4727.176,4723.402,4725.107,73494
2024-01-02T10:22:00-05:00,4725.107,4726.235,4715.903,4719.234,147814
2024-01-02T10:23:00-05:00,4719.234,4726.7970000000005,4715.168,4724.998,249141
2024-01-02T10:24:00-05:00,4724.998,4725.656,4719.593,4720.853,244133
2024-01-02T10:25:00-05:00,4720.853,4723.313999999999,4717.097,4719.4,202745
2024-01-02T10:26:00-05:00,4719.4,4725.143,4715.778,4723.005999999999,92018
2024-01-02T10:27:00-05:00,4723.005999999999,4728.505,4722.665,4724.42,97342
2024-01-02T10:28:00-05:00,4724.42,4725.42,4720.489,4720.9980000000005,229428
2024-01-02T10:29:00-05:00,4720.9980000000005,4722.044,4716.179,4718.704,178634
2024-01-02T10:30:00-05:00,4718.704,4720.924,4711.554,4715.521,100798
2024-01-02T10:31:00-05:00,4715.521,4720.475,4714.508,4717.4349999999995,136709
2024-01-02T10:32:00-05:00,4717.4349999999995,4718.777,4713.206,4716.398,76101
2024-01-02T10:33:00-05:00,4716.398,4718.343,4710.147,4714.383,249268
2024-01-02T10:34:00-05:00,4714.383,4717.355,4710.423,4716.229,227662
2024-01-02T10:35:00-05:00,4716.229,4720.923000000001,4714.66,4717.19,92077
2024-01-02T10:36:00-05:00,4717.19,4722.094,4712.999,4719.496,185120
2024-01-02T10:37:00-05:00,4719.496,4719.529,4712.299,4715.767,118633
2024-01-02T10:38:00-05:00,4715.767,4716.3369999999995,4711.901,4712.391,82569
2024-01-02T10:39:00-05:00,4712.391,4714.737,4705.604,4706.757,175905
2024-01-02T10:40:00-05:00,4706.757,4709.4439999999995,4705.34,4706.4580000000005,154099
2024-01-02T10:41:00-05:00,4706.4580000000005,4710.293,4701.094,4704.676,79805
2024-01-02T10:42:00-05:00,4704.676,4704.691000000001,4699.481,4702.744000000001,181958
2024-01-02T10:43:00-05:00,4702.744000000001,4704.984,4699.607,4703.875,165940
2024-01-02T10:44:00-05:00,4703.875,4704.1939999999995,4699.864,4703.602,231986
2024-01-02T10:45:00-05:00,4703.602,4706.164,4700.0689999999995,4703.854,171720
2024-01-02T10:46:00-05:00,4703.854,4706.117,4700.048,4704.812,211772
2024-01-02T10:47:00-05:00,4704.812,4709.716,4701.005999999999,4706.070000000001,101889
2024-01-02T10:48:00-05:00,4706.070000000001,4709.4529999999995,4702.325,4706.148999999999,138695
2024-01-02T10:49:00-05:00,4706.148999999999,4710.166,4705.494,4707.537,236852
2024-01-02T10:50:00-05:00,4707.537,4716.139999999999,4703.802,4712.701,67147
2024-01-02T10:51:00-05:00,4712.701,4715.825,4705.5509999999995,4706.9580000000005,237027
2024-01-02T10:52:00-05:00,4706.9580000000005,4712.28,4705.828,4708.844,210132
2024-01-02T10:53:00-05:00,4708.844,4709.302,4699.874,4703.566,223486
2024-01-02T10:54:00-05:00,4703.566,4706.474999999999,4702.275000000001,4704.526,211627
2024-01-02T10:55:00-05:00,4704.526,4710.673,4704.426,4709.708,98711
2024-01-02T10:56:00-05:00,4709.708,4713.807,4705.918,4707.101000000001,182777
2024-01-02T10:57:00-05:00,4707.101000000001,4713.83,4702.9439999999995,4712.135,163040
2024-01-02T10:58:00-05:00,4712.135,4717.606,4711.377,4713.4890000000005,242975
2024-01-02T10:59:00-05:00,4713.4890000000005,4714.615,4712.561,4713.02,143980
2024-01-02T11:00:00-05:00,4713.02,4715.592,4710.572,4712.742,134724
2024-01-02T11:01:00-05:00,4712.742,4715.187,4709.279,4710.359,195397
2024-01-02T11:02:00-05:00,4710.359,4719.133,4707.309,4716.847,201615
2024-01-02T11:03:00-05:00,4716.847,4719.807,4715.301,4716.96,75620
2024-01-02T11:04:00-05:00,4716.96,4718.292,4712.102,4715.701,197453
2024-01-02T11:05:00-05:00,4715.701,4716.976000000001,4712.254,4713.566,139073
2024-01-02T11:06:00-05:00,4713.566,4714.106,4709.883,4711.666,238818
2024-01-02T11:07:00-05:00,4711.666,4715.935,4707.838,4713.062,177909
2024-01-02T11:08:00-05:00,4713.062,4713.064,4710.756,4711.972,143104
2024-01-02T11:09:00-05:00,4711.972,4717.844,4709.196,4715.383,149685
2024-01-02T11:10:00-05:00,4715.383,4717.391,4709.753,4713.576,211754
2024-01-02T11:11:00-05:00,4713.576,4715.017,4713.216,4714.2970000000005,159147
2024-01-02T11:12:00-05:00,4714.2970000000005,4717.769,4709.417,4712.603,188649
2024-01-02T11:13:00-05:00,4712.603,4713.556,4709.883,4710.727,67079
2024-01-02T11:14:00-05:00,4710.727,4714.45,4710.418000000001,4710.847,140207
2024-01-02T11:15:00-05:00,4710.847,4716.74,4710.023,4714.067999999999,193066
2024-01-02T11:16:00-05:00,4714.067999999999,4716.852,4711.941,4711.965,203305
2024-01-02T11:17:00-05:00,4711.965,4715.313,4711.513,4712.0470000000005,142214
2024-01-02T11:18:00-05:00,4712.0470000000005,4717.447,4711.834,4715.249,109224
2024-01-02T11:19:00-05:00,4715.249,4725.2210000000005,4713.312,4721.616,212765
2024-01-02T11:20:00-05:00,4721.616,4724.146,4713.415,4717.449,229642
2024-01-02T11:21:00-05:00,4717.449,4720.05,4707.09,4710.139,157145
2024-01-02T11:22:00-05:00,4710.139,4715.665,4706.986,4711.86,151501
2024-01-02T11:23:00-05:00,4711.86,4712.959,4707.688999999999,4708.736,182061
2024-01-02T11:24:00-05:00,4708.736,4711.722,4707.573,4709.066000000001,77028
2024-01-02T11:25:00-05:00,4709.066000000001,4710.277,4704.489,4705.639,122445
2024-01-02T11:26:00-05:00,4705.639,4706.619,4701.193,4704.130999999999,194953
2024-01-02T11:27:00-05:00,4704.130999999999,4704.403,4702.002,4703.728,164239
2024-01-02T11:28:00-05:00,4703.728,4705.505999999999,4698.219,4702.048,172014
2024-01-02T11:29:00-05:00,4702.048,4705.937,4698.422,4702.993,206048
2024-01-02T11:30:00-05:00,4702.993,4704.482,4699.554,4702.7429999999995,222521
2024-01-02T11:31:00-05:00,4702.7429999999995,4706.9580000000005,4700.969,4702.923,202659
2024-01-02T11:32:00-05:00,4702.923,4703.856,4698.286,4699.214,144219
2024-01-02T11:33:00-05:00,4699.214,4699.3369999999995,4696.663,4698.084,189839
2024-01-02T11:34:00-05:00,4698.084,4700.061,4696.112,4696.652,179173
2024-01-02T11:35:00-05:00,4696.652,4697.684,4694.986,4697.57,168323
2024-01-02T11:36:00-05:00,4697.57,4702.088,4695.618,4701.514,71928
2024-01-02T11:37:00-05:00,4701.514,4703.76,4700.618,4702.156,123783
2024-01-02T11:38:00-05:00,4702.156,4705.486,4698.635,4702.303,109800
2024-01-02T11:39:00-05:00,4702.303,4702.65,4699.425,4699.507,163641
2024-01-02T11:40:00-05:00,4699.507,4704.824,4696.2029999999995,4702.072999999999,184703
2024-01-02T11:41:00-05:00,4702.072999999999,4705.265,4698.0,4702.018,99880
2024-01-02T11:42:00-05:00,4702.018,4704.106,4699.1849999999995,4703.572,168244
2024-01-02T11:43:00-05:00,4703.572,4704.644,4700.611,4703.722,206293
2024-01-02T11:44:00-05:00,4703.722,4708.735,4703.237,4705.568,216118
2024-01-02T11:45:00-05:00,4705.568,4712.951,4705.110000000001,4708.862,67314
2024-01-02T11:46:00-05:00,4708.862,4712.923,4705.505,4707.186,196565
2024-01-02T11:47:00-05:00,4707.186,4711.372,4704.26,4711.05,180107
2024-01-02T11:48:00-05:00,4711.05,4718.491,4708.504,4714.883,85197
2024-01-02T11:49:00-05:00,4714.883,4721.899,4711.562,4717.722,127600
2024-01-02T11:50:00-05:00,4717.722,4719.87,4713.75,4715.197999999999,221795
2024-01-02T11:51:00-05:00,4715.197999999999,4719.799,4714.75,4716.309,242647
2024-01-02T11:52:00-05:00,4716.309,4719.311,4710.8859999999995,4712.733,200086
2024-01-02T11:53:00-05:00,4712.733,4716.8279999999995,4707.515,4708.66,214037
2024-01-02T11:54:00-05:00,4708.66,4710.505,4702.331,4705.427000000001,112824
2024-01-02T11:55:00-05:00,4705.427000000001,4709.034,4701.0599999999995,4704.577,78749
2024-01-02T11:56:00-05:00,4704.577,4708.018,4701.993,4706.05,133560
2024-01-02T11:57:00-05:00,4706.05,4706.171,4700.935,4704.5380000000005,96594
2024-01-02T11:58:00-05:00,4704.5380000000005,4707.086,4700.811,4705.645,193971
2024-01-02T11:59:00-05:00,4705.645,4711.638,4705.602,4710.467,240261
2024-01-02T12:00:00-05:00,4710.467,4716.327,4707.2519999999995,4714.254,191989
2024-01-02T12:01:00-05:00,4714.254,4719.221,4712.171,4716.4800000000005,211174
2024-01-02T12:02:00-05:00,4716.4800000000005,4720.999,4715.179999999999,4718.062,171541
2024-01-02T12:03:00-05:00,4718.062,4721.089,4715.808,4719.079,142281
2024-01-02T12:04:00-05:00,4719.079,4722.063999999999,4717.774,4718.924,109638
2024-01-02T12:05:00-05:00,4718.924,4719.437,4715.479,4716.2970000000005,84916
2024-01-02T12:06:00-05:00,4716.2970000000005,4717.0830000000005,4710.613,4711.531,153287
2024-01-02T12:07:00-05:00,4711.531,4714.603,4706.228,4710.368,160869
2024-01-02T12:08:00-05:00,4710.368,4711.191,4709.044,4710.008,96145
2024-01-02T12:09:00-05:00,4710.008,4711.248,4707.744000000001,4711.188,113933
2024-01-02T12:10:00-05:00,4711.188,4717.597,4710.653,4714.637000000001,225336
2024-01-02T12:11:00-05:00,4714.637000000001,4716.72,4710.263,4713.965999999999,170137
2024-01-02T12:12:00-05:00,4713.965999999999,4714.7480000000005,4710.662,4710.88,238949
2024-01-02T12:13:00-05:00,4710.88,4713.394,4707.395,4711.368,137632
2024-01-02T12:14:00-05:00,4711.368,4715.061,4710.736,4714.834,168032
2024-01-02T12:15:00-05:00,4714.834,4717.817999999999,4710.616,4716.528,84709
2024-01-02T12:16:00-05:00,4716.528,4720.141,4715.57,4716.784,160482
2024-01-02T12:17:00-05:00,4716.784,4718.697,4710.964,4712.842,223781
2024-01-02T12:18:00-05:00,4712.842,4717.793,4710.256,4715.157,201266
2024-01-02T12:19:00-05:00,4715.157,4719.178,4714.031,4714.912,102067
2024-01-02T12:20:00-05:00,4714.912,4715.65,4713.618,4713.937,63001
2024-01-02T12:21:00-05:00,4713.937,4715.848,4709.927,4712.445,117111
2024-01-02T12:22:00-05:00,4712.445,4715.849,4710.52,4712.868,191384
2024-01-02T12:23:00-05:00,4712.868,4721.099,4709.526,4717.176,179698
2024-01-02T12:24:00-05:00,4717.176,4718.981,4711.284,4713.594,183931
2024-01-02T12:25:00-05:00,4713.594,4717.448,4704.412,4707.915,75889
2024-01-02T12:26:00-05:00,4707.915,4712.2210000000005,4705.503,4709.046,116614
2024-01-02T12:27:00-05:00,4709.046,4711.576999999999,4706.128,4711.05,193700
2024-01-02T12:28:00-05:00,4711.05,4716.174,4710.709,4714.079,69973
2024-01-02T12:29:00-05:00,4714.079,4715.912,4711.451,4712.817999999999,109443
2024-01-02T12:30:00-05:00,4712.817999999999,4722.353,4710.378,4718.803,240772
2024-01-02T12:31:00-05:00,4718.803,4726.896,4715.948,4722.648,113033
2024-01-02T12:32:00-05:00,4722.648,4729.1759999999995,4719.879,4727.174,234263
2024-01-02T12:33:00-05:00,4727.174,4729.056,4724.683999999999,4728.284,181522
2024-01-02T12:34:00-05:00,4728.284,4729.764999999999,4725.546,4726.964,188150
2024-01-02T12:35:00-05:00,4726.964,4730.613,4725.546,4726.9490000000005,192563
2024-01-02T12:36:00-05:00,4726.9490000000005,4730.41,4722.906,4725.245,147779
2024-01-02T12:37:00-05:00,4725.245,4733.145,4723.871,4731.8060000000005,244409
2024-01-02T12:38:00-05:00,4731.8060000000005,4736.014,4726.119,4728.918,164236
2024-01-02T12:39:00-05:00,4728.918,4732.536,4728.119,4730.777,130333
2024-01-02T12:40:00-05:00,4730.777,4734.102,4729.91,4730.866,165478
2024-01-02T12:41:00-05:00,4730.866,4734.816,4724.958,4726.822,193421
2024-01-02T12:42:00-05:00,4726.822,4734.861,4725.804,4732.268,92195
2024-01-02T12:43:00-05:00,4732.268,4739.829,4729.916,4737.48,79976
2024-01-02T12:44:00-05:00,4737.48,4745.659,4736.979,4743.689,218526
2024-01-02T12:45:00-05:00,4743.689,4745.817,4740.262000000001,4743.322,157913
2024-01-02T12:46:00-05:00,4743.322,4747.506,4741.429,4742.47,165862
2024-01-02T12:47:00-05:00,4742.47,4749.392,4738.535,4747.753000000001,157795
2024-01-02T12:48:00-05:00,4747.753000000001,4753.01,4744.377,4751.829,140301
2024-01-02T12:49:00-05:00,4751.829,4755.8240000000005,4745.689,4747.859,216353
2024-01-02T12:50:00-05:00,4747.859,4750.367,4743.048,4747.316,154307
2024-01-02T12:51:00-05:00,4747.316,4750.251,4745.015,4749.615,127210
2024-01-02T12:52:00-05:00,4749.615,4751.562,4744.814,4746.189,97872
2024-01-02T12:53:00-05:00,4746.189,4749.168000000001,4742.5599999999995,4745.002,106292
2024-01-02T12:54:00-05:00,4745.002,4748.276,4741.99,4745.096,214639
2024-01-02T12:55:00-05:00,4745.096,4746.745,4741.383,4744.217,216390
2024-01-02T12:56:00-05:00,4744.217,4747.643,4742.072,4747.485,173158
2024-01-02T12:57:00-05:00,4747.485,4751.201,4743.316,4747.05,145057
2024-01-02T12:58:00-05:00,4747.05,4750.137,4742.163,4743.9130000000005,185271
2024-01-02T12:59:00-05:00,4743.9130000000005,4744.572,4741.369000000001,4743.374,244225
2024-01-02T13:00:00-05:00,4743.374,4746.148,4737.403,4741.038,222314
2024-01-02T13:01:00-05:00,4741.038,4748.394,4739.416,4744.725,121873
2024-01-02T13:02:00-05:00,4744.725,4748.450000000001,4743.612,4743.765,75328
2024-01-02T13:03:00-05:00,4743.765,4746.46,4735.106,4739.034,249517
2024-01-02T13:04:00-05:00,4739.034,4739.454,4736.254,4738.956999999999,226108
2024-01-02T13:05:00-05:00,4738.956999999999,4740.849,4732.9529999999995,4735.911,231892
2024-01-02T13:06:00-05:00,4735.911,4742.009,4734.313,4740.758,89794
2024-01-02T13:07:00-05:00,4740.758,4744.4619999999995,4738.343,4742.195,211097
2024-01-02T13:08:00-05:00,4742.195,4746.464,4739.551,4742.746,107655
2024-01-02T13:09:00-05:00,4742.746,4747.653,4742.135,4743.755,148965
2024-01-02T13:10:00-05:00,4743.755,4743.795,4740.266,4743.701,231476
2024-01-02T13:11:00-05:00,4743.701,4748.783,4743.026,4745.889,145324
2024-01-02T13:12:00-05:00,4745.889,4748.618,4741.941,4743.753,109393
2024-01-02T13:13:00-05:00,4743.753,4750.498,4742.902,4746.887,134629
2024-01-02T13:14:00-05:00,4746.887,4749.33,4742.359,4744.814,248629
2024-01-02T13:15:00-05:00,4744.814,4746.309,4740.638,4745.048,185918
2024-01-02T13:16:00-05:00,4745.048,4747.977,4741.321,4744.501,71695
2024-01-02T13:17:00-05:00,4744.501,4750.746,4742.38,4748.154,232029
2024-01-02T13:18:00-05:00,4748.154,4750.749,4745.521,4747.026,181865
2024-01-02T13:19:00-05:00,4747.026,4754.674999999999,4744.13,4752.02,197674
2024-01-02T13:20:00-05:00,4752.02,4754.707,4745.245,4749.107,183688
2024-01-02T13:21:00-05:00,4749.107,4750.427000000001,4742.676,4744.558,171170
2024-01-02T13:22:00-05:00,4744.558,4745.819,4741.262,4744.454,95432
2024-01-02T13:23:00-05:00,4744.454,4745.018,4740.956,4743.259,244654
2024-01-02T13:24:00-05:00,4743.259,4746.804,4736.022,4737.117,217129
2024-01-02T13:25:00-05:00,4737.117,4739.172,4732.508,4735.945,202479
2024-01-02T13:26:00-05:00,4735.945,4740.05,4734.644,4735.244000000001,243718
2024-01-02T13:27:00-05:00,4735.244000000001,4740.148,4732.157,4736.481,246239
2024-01-02T13:28:00-05:00,4736.481,4743.116,4733.11,4741.555,65109
2024-01-02T13:29:00-05:00,4741.555,4743.845,4738.614,4740.554,188655
2024-01-02T13:30:00-05:00,4740.554,4744.063,4734.8279999999995,4738.838,82814
2024-01-02T13:31:00-05:00,4738.838,4739.836,4735.457,4735.563,228294
2024-01-02T13:32:00-05:00,4735.563,4736.507,4729.501,4729.7699999999995,216972
2024-01-02T13:33:00-05:00,4729.7699999999995,4733.641,4726.17,4727.456,139055
2024-01-02T13:34:00-05:00,4727.456,4733.191,4725.36,4731.895,80723
2024-01-02T13:35:00-05:00,4731.895,4741.023999999999,4731.317,4737.241,147558
2024-01-02T13:36:00-05:00,4737.241,4741.274,4733.274,4735.0599999999995,201675
2024-01-02T13:37:00-05:00,4735.0599999999995,4735.719,4729.248,4731.014999999999,81066
2024-01-02T13:38:00-05:00,4731.014999999999,4735.066,4728.043,4728.182,131974
2024-01-02T13:39:00-05:00,4728.182,4730.333,4724.137,4728.446,222896
2024-01-02T13:40:00-05:00,4728.446,4734.339,4724.285,4732.02,129751
2024-01-02T13:41:00-05:00,4732.02,4736.3150000000005,4731.2119999999995,4734.6179999999995,85404
2024-01-02T13:42:00-05:00,4734.6179999999995,4739.326,4731.884,4736.501,174464
2024-01-02T13:43:00-05:00,4736.501,4736.592,4730.671,4734.023,108169
2024-01-02T13:44:00-05:00,4734.023,4736.969,4730.763,4736.6759999999995,101342
2024-01-02T13:45:00-05:00,4736.6759999999995,4740.284,4732.969,4739.363,124104
2024-01-02T13:46:00-05:00,4739.363,4743.123,4735.701,4743.11,89628
2024-01-02T13:47:00-05:00,4743.11,4748.639,4742.04,4748.084,95218
2024-01-02T13:48:00-05:00,4748.084,4748.147,4744.447,4747.823,107112
2024-01-02T13:49:00-05:00,4747.823,4749.206,4746.612,4747.356,72324
2024-01-02T13:50:00-05:00,4747.356,4750.5419999999995,4745.227,4747.262,208378
2024-01-02T13:51:00-05:00,4747.262,4749.454,4743.407,4743.873,156969
2024-01-02T13:52:00-05:00,4743.873,4748.104,4740.171,4744.76,160272
2024-01-02T13:53:00-05:00,4744.76,4746.716,4740.448,4744.563999999999,73904
2024-01-02T13:54:00-05:00,4744.563999999999,4747.494,4739.701999999999,4741.794,233068
2024-01-02T13:55:00-05:00,4741.794,4742.579,4741.45,4742.264999999999,176555
2024-01-02T13:56:00-05:00,4742.264999999999,4747.151,4739.925,4744.447,123472
2024-01-02T13:57:00-05:00,4744.447,4749.704,4742.182000000001,4745.456,147571
2024-01-02T13:58:00-05:00,4745.456,4748.453,4740.881,4744.523,184546
2024-01-02T13:59:00-05:00,4744.523,4747.806,4740.738,4743.816,102816
2024-01-02T14:00:00-05:00,4743.816,4745.263,4740.019,4741.954,140498
2024-01-02T14:01:00-05:00,4741.954,4743.068,4740.133,4742.662,187207
2024-01-02T14:02:00-05:00,4742.662,4746.602,4741.317,4741.603999999999,218457
2024-01-02T14:03:00-05:00,4741.603999999999,4743.259,4741.192,4742.862,201024
2024-01-02T14:04:00-05:00,4742.862,4746.834,4740.464,4744.329,124308
2024-01-02T14:05:00-05:00,4744.329,4744.851,4739.5560000000005,4741.065,187251
2024-01-02T14:06:00-05:00,4741.065,4744.246999999999,4736.933,4741.17,175076
2024-01-02T14:07:00-05:00,4741.17,4742.67,4733.076,4735.539,102388
2024-01-02T14:08:00-05:00,4735.539,4736.0,4730.911,4734.513,131417
2024-01-02T14:09:00-05:00,4734.513,4737.763,4730.475,4732.921,213854
2024-01-02T14:10:00-05:00,4732.921,4740.835,4730.307000000001,4737.346,183006
2024-01-02T14:11:00-05:00,4737.346,4737.458,4727.117,4731.073,218023
2024-01-02T14:12:00-05:00,4731.073,4734.065,4729.6539999999995,4730.969999999999,126217
2024-01-02T14:13:00-05:00,4730.969999999999,4732.868,4727.2660000000005,4732.842,168685
2024-01-02T14:14:00-05:00,4732.842,4735.539,4731.527,4731.657999999999,202395
2024-01-02T14:15:00-05:00,4731.657999999999,4733.582,4729.87,4732.665,126417
2024-01-02T14:16:00-05:00,4732.665,4735.974,4727.2300000000005,4729.646000000001,78429
2024-01-02T14:17:00-05:00,4729.646000000001,4733.266,4728.976000000001,4733.0419999999995,178344
2024-01-02T14:18:00-05:00,4733.0419999999995,4735.862,4730.021,4732.089,145383
2024-01-02T14:19:00-05:00,4732.089,4733.253000000001,4726.9529999999995,4730.167,83840
2024-01-02T14:20:00-05:00,4730.167,4733.055,4726.0869999999995,4728.158,187587
2024-01-02T14:21:00-05:00,4728.158,4729.423,4726.476000000001,4729.229,174873
2024-01-02T14:22:00-05:00,4729.229,4732.613,4728.645,4731.713,110409
2024-01-02T14:23:00-05:00,4731.713,4733.309,4731.68,4731.912,202565
2024-01-02T14:24:00-05:00,4731.912,4736.24,4729.781,4733.243,218753
2024-01-02T14:25:00-05:00,4733.243,4739.239,4732.9349999999995,4735.803,224080
2024-01-02T14:26:00-05:00,4735.803,4740.341,4732.128000000001,4736.414,170454
2024-01-02T14:27:00-05:00,4736.414,4739.08,4733.389,4736.6359999999995,140817
2024-01-02T14:28:00-05:00,4736.6359999999995,4738.532,4733.219,4737.148,178398
2024-01-02T14:29:00-05:00,4737.148,4741.155,4733.226000000001,4737.607,79024
2024-01-02T14:30:00-05:00,4737.607,4741.377,4735.3730000000005,4738.866,136706
2024-01-02T14:31:00-05:00,4738.866,4740.188999999999,4735.728,4737.176,124950
2024-01-02T14:32:00-05:00,4737.176,4739.401,4735.001,4738.915,232360
2024-01-02T14:33:00-05:00,4738.915,4743.43,4735.813,4741.939,216052
2024-01-02T14:34:00-05:00,4741.939,4743.458,4741.098,4742.833,175449
2024-01-02T14:35:00-05:00,4742.833,4746.0779999999995,4738.1810000000005,4740.978,95714
2024-01-02T14:36:00-05:00,4740.978,4744.732,4737.736,4741.513,146669
2024-01-02T14:37:00-05:00,4741.513,4745.456,4735.876,4738.283,181618
2024-01-02T14:38:00-05:00,4738.283,4740.958,4733.666,4734.309,75303
2024-01-02T14:39:00-05:00,4734.309,4736.193,4729.071,4730.36,114001
2024-01-02T14:40:00-05:00,4730.36,4734.903,4728.436,4733.58,73166
2024-01-02T14:41:00-05:00,4733.58,4738.340999999999,4733.253000000001,4734.797,224546
2024-01-02T14:42:00-05:00,4734.797,4739.417,4732.825000000001,4737.255,166434
2024-01-02T14:43:00-05:00,4737.255,4740.631,4730.383,4734.2,146825
2024-01-02T14:44:00-05:00,4734.2,4737.126,4732.173000000001,4735.756,90786
2024-01-02T14:45:00-05:00,4735.756,4736.0199999999995,4731.515,4731.956,231086
2024-01-02T14:46:00-05:00,4731.956,4734.103999999999,4728.768,4729.503000000001,108951
2024-01-02T14:47:00-05:00,4729.503000000001,4735.141,4727.632,4733.276,160515
2024-01-02T14:48:00-05:00,4733.276,4736.001,4731.535,4734.796,125943
2024-01-02T14:49:00-05:00,4734.796,4739.679,4731.433,4737.13,183869
2024-01-02T14:50:00-05:00,4737.13,4741.209,4735.919,4738.316,198200
2024-01-02T14:51:00-05:00,4738.316,4741.650000000001,4734.451,4738.85,226239
2024-01-02T14:52:00-05:00,4738.85,4739.4529999999995,4735.499,4736.991,243943
2024-01-02T14:53:00-05:00,4736.991,4743.243,4735.319,4740.263,174070
2024-01-02T14:54:00-05:00,4740.263,4744.151,4736.886,4742.544,214972
2024-01-02T14:55:00-05:00,4742.544,4745.4039999999995,4738.089,4741.6269999999995,201020
2024-01-02T14:56:00-05:00,4741.6269999999995,4744.383,4738.458,4740.264,130342
2024-01-02T14:57:00-05:00,4740.264,4741.811,4736.308,4737.077,102661
2024-01-02T14:58:00-05:00,4737.077,4741.153,4736.49,4740.187,76968
2024-01-02T14:59:00-05:00,4740.187,4743.789,4738.698,4739.129,207039
2024-01-02T15:00:00-05:00,4739.129,4742.296,4737.693,4742.135,206182
2024-01-02T15:01:00-05:00,4742.135,4742.694,4735.448,4737.054,92921
2024-01-02T15:02:00-05:00,4737.054,4742.887,4736.348,4739.436,144563
2024-01-02T15:03:00-05:00,4739.436,4741.188,4732.285,4735.168,107036
2024-01-02T15:04:00-05:00,4735.168,4738.358,4731.059,4732.971,162627
2024-01-02T15:05:00-05:00,4732.971,4735.075,4729.527,4733.756,150440
2024-01-02T15:06:00-05:00,4733.756,4739.163,4729.562,4735.126,149064
2024-01-02T15:07:00-05:00,4735.126,4736.327,4731.139,4732.766,161398
2024-01-02T15:08:00-05:00,4732.766,4741.276,4732.177,4737.86,109375
2024-01-02T15:09:00-05:00,4737.86,4740.594,4733.007,4736.733,166476
2024-01-02T15:10:00-05:00,4736.733,4744.732,4735.518,4741.1,205584
2024-01-02T15:11:00-05:00,4741.1,4745.541,4737.237,4744.376,90127
2024-01-02T15:12:00-05:00,4744.376,4745.324,4736.058,4737.982,128047
2024-01-02T15:13:00-05:00,4737.982,4740.6939999999995,4737.754,4740.58,156626
2024-01-02T15:14:00-05:00,4740.58,4742.9619999999995,4740.46,4741.362,237029
2024-01-02T15:15:00-05:00,4741.362,4754.054,4738.588,4750.466,210883
2024-01-02T15:16:00-05:00,4750.466,4755.494,4747.49,4751.945,88523
2024-01-02T15:17:00-05:00,4751.945,4756.7029999999995,4750.027,4753.684,63484
2024-01-02T15:18:00-05:00,4753.684,4759.138,4751.336,4755.564,198856
2024-01-02T15:19:00-05:00,4755.564,4758.822,4755.088,4756.562,116519
2024-01-02T15:20:00-05:00,4756.562,4758.3589999999995,4752.83,4756.228,148208
2024-01-02T15:21:00-05:00,4756.228,4757.496,4752.354,4757.021,174388
2024-01-02T15:22:00-05:00,4757.021,4761.419,4756.407,4760.3820000000005,142982
2024-01-02T15:23:00-05:00,4760.3820000000005,4763.313,4759.352,4760.678,140606
2024-01-02T15:24:00-05:00,4760.678,4764.854,4759.709,4759.998,161136
2024-01-02T15:25:00-05:00,4759.998,4762.172,4754.665,4758.898,166403
2024-01-02T15:26:00-05:00,4758.898,4761.621,4752.149,4756.348,110059
2024-01-02T15:27:00-05:00,4756.348,4758.394,4752.973,4758.325,127150
2024-01-02T15:28:00-05:00,4758.325,4761.629,4754.678,4757.826,124847
2024-01-02T15:29:00-05:00,4757.826,4758.016,4751.427,4753.763,215032
2024-01-02T15:30:00-05:00,4753.763,4757.928,4750.7880000000005,4755.939,180950
2024-01-02T15:31:00-05:00,4755.939,4763.762,4755.669,4760.285,208035
2024-01-02T15:32:00-05:00,4760.285,4760.473,4757.059,4757.913,70357
2024-01-02T15:33:00-05:00,4757.913,4762.458,4755.706,4758.460999999999,247960
2024-01-02T15:34:00-05:00,4758.460999999999,4761.687,4755.461,4756.279,129432
2024-01-02T15:35:00-05:00,4756.279,4759.621,4751.91,4755.616,124735
2024-01-02T15:36:00-05:00,4755.616,4761.282,4752.4349999999995,4757.474,230244
2024-01-02T15:37:00-05:00,4757.474,4760.974,4753.304999999999,4759.318,155538
2024-01-02T15:38:00-05:00,4759.318,4761.542,4749.3189999999995,4752.746,198827
2024-01-02T15:39:00-05:00,4752.746,4753.099,4750.169,4752.762000000001,216688
2024-01-02T15:40:00-05:00,4752.762000000001,4753.104,4747.441,4750.267,119967
2024-01-02T15:41:00-05:00,4750.267,4752.843,4747.65,4749.472,191830
2024-01-02T15:42:00-05:00,4749.472,4753.191,4747.377,4748.884,249653
2024-01-02T15:43:00-05:00,4748.884,4750.641,4744.695,4749.468,240232
2024-01-02T15:44:00-05:00,4749.468,4754.548,4746.043000000001,4752.994,189889
2024-01-02T15:45:00-05:00,4752.994,4758.825,4752.383,4754.7480000000005,176419
2024-01-02T15:46:00-05:00,4754.7480000000005,4755.092000000001,4751.416,4754.804,131186
2024-01-02T15:47:00-05:00,4754.804,4756.443,4751.54,4753.967000000001,175955
2024-01-02T15:48:00-05:00,4753.967000000001,4755.558,4747.613,4750.875,170110
2024-01-02T15:49:00-05:00,4750.875,4753.139,4742.811,4744.51,184292
2024-01-02T15:50:00-05:00,4744.51,4747.652,4742.289,4744.42,135060
2024-01-02T15:51:00-05:00,4744.42,4748.122,4743.302,4745.723,111304
2024-01-02T15:52:00-05:00,4745.723,4746.942,4732.715999999999,4736.6230000000005,154600
2024-01-02T15:53:00-05:00,4736.6230000000005,4740.206,4732.987,4739.683,147258
2024-01-02T15:54:00-05:00,4739.683,4742.445,4736.773999999999,4742.07,221035
2024-01-02T15:55:00-05:00,4742.07,4743.433999999999,4738.657,4740.139,74676
2024-01-02T15:56:00-05:00,4740.139,4743.771,4731.229,4734.262,236373
2024-01-02T15:57:00-05:00,4734.262,4736.979,4729.219,4732.6,157891
2024-01-02T15:58:00-05:00,4732.6,4734.473,4729.233,4733.881,67428
2024-01-02T15:59:00-05:00,4733.881,4737.4619999999995,4732.309,4735.101000000001,213186
