timestamp,open,high,low,close,volume
2024-01-02T09:30:00-05:00,470.0,470.1163,469.865,469.9594,401176
2024-01-02T09:31:00-05:00,469.9594,470.2456,469.5336,469.9109,157602
2024-01-02T09:32:00-05:00,469.9109,470.0033,469.6365,469.8502,134950
2024-01-02T09:33:00-05:00,469.8502,469.9678,469.5754,469.8837,329353
2024-01-02T09:34:00-05:00,469.8837,470.2966,469.881,469.9542,427182
2024-01-02T09:35:00-05:00,469.9542,470.6208,469.8103,470.3253,183304
2024-01-02T09:36:00-05:00,470.3253,470.6126,470.2843,470.5733,442810
2024-01-02T09:37:00-05:00,470.5733,470.829,470.1655,470.5073,398649
2024-01-02T09:38:00-05:00,470.5073,470.6676,469.5364,469.7698,436026
2024-01-02T09:39:00-05:00,469.7698,470.0313,469.2369,469.6011,341507
2024-01-02T09:40:00-05:00,469.6011,469.6974,469.4572,469.5795,154921
2024-01-02T09:41:00-05:00,469.5795,469.6778,469.4569,469.4996,229240
2024-01-02T09:42:00-05:00,469.4996,469.656,469.2376,469.3261,225116
2024-01-02T09:43:00-05:00,469.3261,469.7217,468.8539,469.1275,353424
2024-01-02T09:44:00-05:00,469.1275,469.4165,468.9673,469.3475,496071
2024-01-02T09:45:00-05:00,469.3475,470.0223,469.1122,469.7518,381730
2024-01-02T09:46:00-05:00,469.7518,470.1214,469.7382,470.0245,243294
2024-01-02T09:47:00-05:00,470.0245,470.1377,469.5326,469.6217,478591
2024-01-02T09:48:00-05:00,469.6217,470.0782,469.4545,469.801,467955
2024-01-02T09:49:00-05:00,469.801,469.9951,469.5222,469.6341,217485
2024-01-02T09:50:00-05:00,469.6341,469.8812,469.056,469.4353,274775
2024-01-02T09:51:00-05:00,469.4353,469.528,468.9365,469.3579,316072
2024-01-02T09:52:00-05:00,469.3579,469.4834,469.0929,469.4371,422029
2024-01-02T09:53:00-05:00,469.4371,469.6685,469.4102,469.4901,268107
2024-01-02T09:54:00-05:00,469.4901,470.2523,469.1264,469.8417,129305
2024-01-02T09:55:00-05:00,469.8417,470.1464,469.5511,469.8394,326363
2024-01-02T09:56:00-05:00,469.8394,469.8866,469.6193,469.8032,295146
2024-01-02T09:57:00-05:00,469.8032,470.6146,469.4328,470.2109,223770
2024-01-02T09:58:00-05:00,470.2109,470.5971,469.6724,470.0407,236916
2024-01-02T09:59:00-05:00,470.0407,470.3173,469.7831,470.0469,182314
2024-01-02T10:00:00-05:00,470.0469,470.411,469.8226,470.0816,125214
2024-01-02T10:01:00-05:00,470.0816,470.2188,469.7306,469.7388,473411
2024-01-02T10:02:00-05:00,469.7388,470.2613,469.7143,470.1312,454253
2024-01-02T10:03:00-05:00,470.1312,470.5318,469.7349,469.7711,307246
2024-01-02T10:04:00-05:00,469.7711,470.5352,469.7169,470.2112,303230
2024-01-02T10:05:00-05:00,470.2112,470.6528,470.099,470.4201,452162
2024-01-02T10:06:00-05:00,470.4201,470.6484,469.9467,470.2556,200431
2024-01-02T10:07:00-05:00,470.2556,470.4862,469.8345,470.3542,368704
2024-01-02T10:08:00-05:00,470.3542,470.4055,469.9522,470.0473,251782
2024-01-02T10:09:00-05:00,470.0473,470.4338,469.9499,470.1848,207581
2024-01-02T10:10:00-05:00,470.1848,470.6498,469.8017,470.5528,447363
2024-01-02T10:11:00-05:00,470.5528,470.7635,470.452,470.7335,375866
2024-01-02T10:12:00-05:00,470.7335,471.1722,470.4916,470.7758,302251
2024-01-02T10:13:00-05:00,470.7758,471.2639,470.4337,470.9314,196403
2024-01-02T10:14:00-05:00,470.9314,471.3661,470.7334,471.1865,398403
2024-01-02T10:15:00-05:00,471.1865,471.6529,470.7691,471.3673,161906
2024-01-02T10:16:00-05:00,471.3673,471.7328,471.0602,471.1656,196328
2024-01-02T10:17:00-05:00,471.1656,471.5129,470.9867,471.3226,229454
2024-01-02T10:18:00-05:00,471.3226,471.5206,470.9573,471.3327,331371
2024-01-02T10:19:00-05:00,471.3327,472.0043,470.9088,471.9828,438510
2024-01-02T10:20:00-05:00,471.9828,472.9877,471.9121,472.6267,307115
2024-01-02T10:21:00-05:00,472.6267,472.7176,472.3402,472.5107,146988
2024-01-02T10:22:00-05:00,472.5107,472.6235,471.5903,471.9234,295628
2024-01-02T10:23:00-05:00,471.9234,472.6797,471.5168,472.4998,498283
2024-01-02T10:24:00-05:00,472.4998,472.5656,471.9593,472.0853,488266
2024-01-02T10:25:00-05:00,472.0853,472.3314,471.7097,471.94,405490
2024-01-02T10:26:00-05:00,471.94,472.5143,471.5778,472.3006,184037
2024-01-02T10:27:00-05:00,472.3006,472.8505,472.2665,472.442,194684
2024-01-02T10:28:00-05:00,472.442,472.542,472.0489,472.0998,458857
2024-01-02T10:29:00-05:00,472.0998,472.2044,471.6179,471.8704,357268
2024-01-02T10:30:00-05:00,471.8704,472.0924,471.1554,471.5521,201597
2024-01-02T10:31:00-05:00,471.5521,472.0475,471.4508,471.7435,273419
2024-01-02T10:32:00-05:00,471.7435,471.8777,471.3206,471.6398,152203
2024-01-02T10:33:00-05:00,471.6398,471.8343,471.0147,471.4383,498536
2024-01-02T10:34:00-05:00,471.4383,471.7355,471.0423,471.6229,455324
2024-01-02T10:35:00-05:00,471.6229,472.0923,471.466,471.719,184155
2024-01-02T10:36:00-05:00,471.719,472.2094,471.2999,471.9496,370241
2024-01-02T10:37:00-05:00,471.9496,471.9529,471.2299,471.5767,237267
2024-01-02T10:38:00-05:00,471.5767,471.6337,471.1901,471.2391,165138
2024-01-02T10:39:00-05:00,471.2391,471.4737,470.5604,470.6757,351811
2024-01-02T10:40:00-05:00,470.6757,470.9444,470.534,470.6458,308199
2024-01-02T10:41:00-05:00,470.6458,471.0293,470.1094,470.4676,159611
2024-01-02T10:42:00-05:00,470.4676,470.4691,469.9481,470.2744,363917
2024-01-02T10:43:00-05:00,470.2744,470.4984,469.9607,470.3875,331880
2024-01-02T10:44:00-05:00,470.3875,470.4194,469.9864,470.3602,463973
2024-01-02T10:45:00-05:00,470.3602,470.6164,470.0069,470.3854,343441
2024-01-02T10:46:00-05:00,470.3854,470.6117,470.0048,470.4812,423545
2024-01-02T10:47:00-05:00,470.4812,470.9716,470.1006,470.607,203778
2024-01-02T10:48:00-05:00,470.607,470.9453,470.2325,470.6149,277391
2024-01-02T10:49:00-05:00,470.6149,471.0166,470.5494,470.7537,473705
2024-01-02T10:50:00-05:00,470.7537,471.614,470.3802,471.2701,134294
2024-01-02T10:51:00-05:00,471.2701,471.5825,470.5551,470.6958,474055
2024-01-02T10:52:00-05:00,470.6958,471.228,470.5828,470.8844,420265
2024-01-02T10:53:00-05:00,470.8844,470.9302,469.9874,470.3566,446972
2024-01-02T10:54:00-05:00,470.3566,470.6475,470.2275,470.4526,423254
2024-01-02T10:55:00-05:00,470.4526,471.0673,470.4426,470.9708,197423
2024-01-02T10:56:00-05:00,470.9708,471.3807,470.5918,470.7101,365555
2024-01-02T10:57:00-05:00,470.7101,471.383,470.2944,471.2135,326080
2024-01-02T10:58:00-05:00,471.2135,471.7606,471.1377,471.3489,485950
2024-01-02T10:59:00-05:00,471.3489,471.4615,471.2561,471.302,287961
2024-01-02T11:00:00-05:00,471.302,471.5592,471.0572,471.2742,269448
2024-01-02T11:01:00-05:00,471.2742,471.5187,470.9279,471.0359,390794
2024-01-02T11:02:00-05:00,471.0359,471.9133,470.7309,471.6847,403231
2024-01-02T11:03:00-05:00,471.6847,471.9807,471.5301,471.696,151240
2024-01-02T11:04:00-05:00,471.696,471.8292,471.2102,471.5701,394907
2024-01-02T11:05:00-05:00,471.5701,471.6976,471.2254,471.3566,278147
2024-01-02T11:06:00-05:00,471.3566,471.4106,470.9883,471.1666,477636
2024-01-02T11:07:00-05:00,471.1666,471.5935,470.7838,471.3062,355818
2024-01-02T11:08:00-05:00,471.3062,471.3064,471.0756,471.1972,286208
2024-01-02T11:09:00-05:00,471.1972,471.7844,470.9196,471.5383,299370
2024-01-02T11:10:00-05:00,471.5383,471.7391,470.9753,471.3576,423509
2024-01-02T11:11:00-05:00,471.3576,471.5017,471.3216,471.4297,318294
2024-01-02T11:12:00-05:00,471.4297,471.7769,470.9417,471.2603,377298
2024-01-02T11:13:00-05:00,471.2603,471.3556,470.9883,471.0727,134159
2024-01-02T11:14:00-05:00,471.0727,471.445,471.0418,471.0847,280415
2024-01-02T11:15:00-05:00,471.0847,471.674,471.0023,471.4068,386132
2024-01-02T11:16:00-05:00,471.4068,471.6852,471.1941,471.1965,406611
2024-01-02T11:17:00-05:00,471.1965,471.5313,471.1513,471.2047,284429
2024-01-02T11:18:00-05:00,471.2047,471.7447,471.1834,471.5249,218449
2024-01-02T11:19:00-05:00,471.5249,472.5221,471.3312,472.1616,425531
2024-01-02T11:20:00-05:00,472.1616,472.4146,471.3415,471.7449,459284
2024-01-02T11:21:00-05:00,471.7449,472.005,470.709,471.0139,314291
2024-01-02T11:22:00-05:00,471.0139,471.5665,470.6986,471.186,303002
2024-01-02T11:23:00-05:00,471.186,471.2959,470.7689,470.8736,364123
2024-01-02T11:24:00-05:00,470.8736,471.1722,470.7573,470.9066,154056
2024-01-02T11:25:00-05:00,470.9066,471.0277,470.4489,470.5639,244891
2024-01-02T11:26:00-05:00,470.5639,470.6619,470.1193,470.4131,389907
2024-01-02T11:27:00-05:00,470.4131,470.4403,470.2002,470.3728,328479
2024-01-02T11:28:00-05:00,470.3728,470.5506,469.8219,470.2048,344029
2024-01-02T11:29:00-05:00,470.2048,470.5937,469.8422,470.2993,412097
2024-01-02T11:30:00-05:00,470.2993,470.4482,469.9554,470.2743,445042
2024-01-02T11:31:00-05:00,470.2743,470.6958,470.0969,470.2923,405318
2024-01-02T11:32:00-05:00,470.2923,470.3856,469.8286,469.9214,288438
2024-01-02T11:33:00-05:00,469.9214,469.9337,469.6663,469.8084,379678
2024-01-02T11:34:00-05:00,469.8084,470.0061,469.6112,469.6652,358346
2024-01-02T11:35:00-05:00,469.6652,469.7684,469.4986,469.757,336646
2024-01-02T11:36:00-05:00,469.757,470.2088,469.5618,470.1514,143856
2024-01-02T11:37:00-05:00,470.1514,470.376,470.0618,470.2156,247567
2024-01-02T11:38:00-05:00,470.2156,470.5486,469.8635,470.2303,219601
2024-01-02T11:39:00-05:00,470.2303,470.265,469.9425,469.9507,327282
2024-01-02T11:40:00-05:00,469.9507,470.4824,469.6203,470.2073,369407
2024-01-02T11:41:00-05:00,470.2073,470.5265,469.8,470.2018,199760
2024-01-02T11:42:00-05:00,470.2018,470.4106,469.9185,470.3572,336488
2024-01-02T11:43:00-05:00,470.3572,470.4644,470.0611,470.3722,412586
2024-01-02T11:44:00-05:00,470.3722,470.8735,470.3237,470.5568,432237
2024-01-02T11:45:00-05:00,470.5568,471.2951,470.511,470.8862,134629
2024-01-02T11:46:00-05:00,470.8862,471.2923,470.5505,470.7186,393130
2024-01-02T11:47:00-05:00,470.7186,471.1372,470.426,471.105,360215
2024-01-02T11:48:00-05:00,471.105,471.8491,470.8504,471.4883,170395
2024-01-02T11:49:00-05:00,471.4883,472.1899,471.1562,471.7722,255201
2024-01-02T11:50:00-05:00,471.7722,471.987,471.375,471.5198,443590
2024-01-02T11:51:00-05:00,471.5198,471.9799,471.475,471.6309,485295
2024-01-02T11:52:00-05:00,471.6309,471.9311,471.0886,471.2733,400173
2024-01-02T11:53:00-05:00,471.2733,471.6828,470.7515,470.866,428074
2024-01-02T11:54:00-05:00,470.866,471.0505,470.2331,470.5427,225648
2024-01-02T11:55:00-05:00,470.5427,470.9034,470.106,470.4577,157498
2024-01-02T11:56:00-05:00,470.4577,470.8018,470.1993,470.605,267120
2024-01-02T11:57:00-05:00,470.605,470.6171,470.0935,470.4538,193189
2024-01-02T11:58:00-05:00,470.4538,470.7086,470.0811,470.5645,387943
2024-01-02T11:59:00-05:00,470.5645,471.1638,470.5602,471.0467,480523
2024-01-02T12:00:00-05:00,471.0467,471.6327,470.7252,471.4254,383978
2024-01-02T12:01:00-05:00,471.4254,471.9221,471.2171,471.648,422349
2024-01-02T12:02:00-05:00,471.648,472.0999,471.518,471.8062,343083
2024-01-02T12:03:00-05:00,471.8062,472.1089,471.5808,471.9079,284563
2024-01-02T12:04:00-05:00,471.9079,472.2064,471.7774,471.8924,219276
2024-01-02T12:05:00-05:00,471.8924,471.9437,471.5479,471.6297,169833
2024-01-02T12:06:00-05:00,471.6297,471.7083,471.0613,471.1531,306574
2024-01-02T12:07:00-05:00,471.1531,471.4603,470.6228,471.0368,321738
2024-01-02T12:08:00-05:00,471.0368,471.1191,470.9044,471.0008,192290
2024-01-02T12:09:00-05:00,471.0008,471.1248,470.7744,471.1188,227866
2024-01-02T12:10:00-05:00,471.1188,471.7597,471.0653,471.4637,450672
2024-01-02T12:11:00-05:00,471.4637,471.672,471.0263,471.3966,340274
2024-01-02T12:12:00-05:00,471.3966,471.4748,471.0662,471.088,477898
2024-01-02T12:13:00-05:00,471.088,471.3394,470.7395,471.1368,275265
2024-01-02T12:14:00-05:00,471.1368,471.5061,471.0736,471.4834,336064
2024-01-02T12:15:00-05:00,471.4834,471.7818,471.0616,471.6528,169419
2024-01-02T12:16:00-05:00,471.6528,472.0141,471.557,471.6784,320964
2024-01-02T12:17:00-05:00,471.6784,471.8697,471.0964,471.2842,447562
2024-01-02T12:18:00-05:00,471.2842,471.7793,471.0256,471.5157,402533
2024-01-02T12:19:00-05:00,471.5157,471.9178,471.4031,471.4912,204134
2024-01-02T12:20:00-05:00,471.4912,471.565,471.3618,471.3937,126003
2024-01-02T12:21:00-05:00,471.3937,471.5848,470.9927,471.2445,234222
2024-01-02T12:22:00-05:00,471.2445,471.5849,471.052,471.2868,382769
2024-01-02T12:23:00-05:00,471.2868,472.1099,470.9526,471.7176,359396
2024-01-02T12:24:00-05:00,471.7176,471.8981,471.1284,471.3594,367863
2024-01-02T12:25:00-05:00,471.3594,471.7448,470.4412,470.7915,151778
2024-01-02T12:26:00-05:00,470.7915,471.2221,470.5503,470.9046,233228
2024-01-02T12:27:00-05:00,470.9046,471.1577,470.6128,471.105,387400
2024-01-02T12:28:00-05:00,471.105,471.6174,471.0709,471.4079,139947
2024-01-02T12:29:00-05:00,471.4079,471.5912,471.1451,471.2818,218887
2024-01-02T12:30:00-05:00,471.2818,472.2353,471.0378,471.8803,481544
2024-01-02T12:31:00-05:00,471.8803,472.6896,471.5948,472.2648,226066
2024-01-02T12:32:00-05:00,472.2648,472.9176,471.9879,472.7174,468527
2024-01-02T12:33:00-05:00,472.7174,472.9056,472.4684,472.8284,363044
2024-01-02T12:34:00-05:00,472.8284,472.9765,472.5546,472.6964,376300
2024-01-02T12:35:00-05:00,472.6964,473.0613,472.5546,472.6949,385127
2024-01-02T12:36:00-05:00,472.6949,473.041,472.2906,472.5245,295559
2024-01-02T12:37:00-05:00,472.5245,473.3145,472.3871,473.1806,488819
2024-01-02T12:38:00-05:00,473.1806,473.6014,472.6119,472.8918,328472
2024-01-02T12:39:00-05:00,472.8918,473.2536,472.8119,473.0777,260667
2024-01-02T12:40:00-05:00,473.0777,473.4102,472.991,473.0866,330957
2024-01-02T12:41:00-05:00,473.0866,473.4816,472.4958,472.6822,386843
2024-01-02T12:42:00-05:00,472.6822,473.4861,472.5804,473.2268,184391
2024-01-02T12:43:00-05:00,473.2268,473.9829,472.9916,473.748,159953
2024-01-02T12:44:00-05:00,473.748,474.5659,473.6979,474.3689,437053
2024-01-02T12:45:00-05:00,474.3689,474.5817,474.0262,474.3322,315827
2024-01-02T12:46:00-05:00,474.3322,474.7506,474.1429,474.247,331724
2024-01-02T12:47:00-05:00,474.247,474.9392,473.8535,474.7753,315590
2024-01-02T12:48:00-05:00,474.7753,475.301,474.4377,475.1829,280603
2024-01-02T12:49:00-05:00,475.1829,475.5824,474.5689,474.7859,432706
2024-01-02T12:50:00-05:00,474.7859,475.0367,474.3048,474.7316,308615
2024-01-02T12:51:00-05:00,474.7316,475.0251,474.5015,474.9615,254421
2024-01-02T12:52:00-05:00,474.9615,475.1562,474.4814,474.6189,195744
2024-01-02T12:53:00-05:00,474.6189,474.9168,474.256,474.5002,212585
2024-01-02T12:54:00-05:00,474.5002,474.8276,474.199,474.5096,429278
2024-01-02T12:55:00-05:00,474.5096,474.6745,474.1383,474.4217,432780
2024-01-02T12:56:00-05:00,474.4217,474.7643,474.2072,474.7485,346317
2024-01-02T12:57:00-05:00,474.7485,475.1201,474.3316,474.705,290114
2024-01-02T12:58:00-05:00,474.705,475.0137,474.2163,474.3913,370542
2024-01-02T12:59:00-05:00,474.3913,474.4572,474.1369,474.3374,488451
2024-01-02T13:00:00-05:00,474.3374,474.6148,473.7403,474.1038,444628
2024-01-02T13:01:00-05:00,474.1038,474.8394,473.9416,474.4725,243747
2024-01-02T13:02:00-05:00,474.4725,474.845,474.3612,474.3765,150657
2024-01-02T13:03:00-05:00,474.3765,474.646,473.5106,473.9034,499034
2024-01-02T13:04:00-05:00,473.9034,473.9454,473.6254,473.8957,452217
2024-01-02T13:05:00-05:00,473.8957,474.0849,473.2953,473.5911,463784
2024-01-02T13:06:00-05:00,473.5911,474.2009,473.4313,474.0758,179588
2024-01-02T13:07:00-05:00,474.0758,474.4462,473.8343,474.2195,422194
2024-01-02T13:08:00-05:00,474.2195,474.6464,473.9551,474.2746,215311
2024-01-02T13:09:00-05:00,474.2746,474.7653,474.2135,474.3755,297931
2024-01-02T13:10:00-05:00,474.3755,474.3795,474.0266,474.3701,462953
2024-01-02T13:11:00-05:00,474.3701,474.8783,474.3026,474.5889,290648
2024-01-02T13:12:00-05:00,474.5889,474.8618,474.1941,474.3753,218786
2024-01-02T13:13:00-05:00,474.3753,475.0498,474.2902,474.6887,269259
2024-01-02T13:14:00-05:00,474.6887,474.933,474.2359,474.4814,497259
2024-01-02T13:15:00-05:00,474.4814,474.6309,474.0638,474.5048,371836
2024-01-02T13:16:00-05:00,474.5048,474.7977,474.1321,474.4501,143391
2024-01-02T13:17:00-05:00,474.4501,475.0746,474.238,474.8154,464058
2024-01-02T13:18:00-05:00,474.8154,475.0749,474.5521,474.7026,363731
2024-01-02T13:19:00-05:00,474.7026,475.4675,474.413,475.202,395348
2024-01-02T13:20:00-05:00,475.202,475.4707,474.5245,474.9107,367377
2024-01-02T13:21:00-05:00,474.9107,475.0427,474.2676,474.4558,342340
2024-01-02T13:22:00-05:00,474.4558,474.5819,474.1262,474.4454,190865
2024-01-02T13:23:00-05:00,474.4454,474.5018,474.0956,474.3259,489308
2024-01-02T13:24:00-05:00,474.3259,474.6804,473.6022,473.7117,434258
2024-01-02T13:25:00-05:00,473.7117,473.9172,473.2508,473.5945,404959
2024-01-02T13:26:00-05:00,473.5945,474.005,473.4644,473.5244,487437
2024-01-02T13:27:00-05:00,473.5244,474.0148,473.2157,473.6481,492478
2024-01-02T13:28:00-05:00,473.6481,474.3116,473.311,474.1555,130219
2024-01-02T13:29:00-05:00,474.1555,474.3845,473.8614,474.0554,377310
2024-01-02T13:30:00-05:00,474.0554,474.4063,473.4828,473.8838,165629
2024-01-02T13:31:00-05:00,473.8838,473.9836,473.5457,473.5563,456588
2024-01-02T13:32:00-05:00,473.5563,473.6507,472.9501,472.977,433945
2024-01-02T13:33:00-05:00,472.977,473.3641,472.617,472.7456,278110
2024-01-02T13:34:00-05:00,472.7456,473.3191,472.536,473.1895,161446
2024-01-02T13:35:00-05:00,473.1895,474.1024,473.1317,473.7241,295116
2024-01-02T13:36:00-05:00,473.7241,474.1274,473.3274,473.506,403350
2024-01-02T13:37:00-05:00,473.506,473.5719,472.9248,473.1015,162133
2024-01-02T13:38:00-05:00,473.1015,473.5066,472.8043,472.8182,263948
2024-01-02T13:39:00-05:00,472.8182,473.0333,472.4137,472.8446,445793
2024-01-02T13:40:00-05:00,472.8446,473.4339,472.4285,473.202,259502
2024-01-02T13:41:00-05:00,473.202,473.6315,473.1212,473.4618,170809
2024-01-02T13:42:00-05:00,473.4618,473.9326,473.1884,473.6501,348929
2024-01-02T13:43:00-05:00,473.6501,473.6592,473.0671,473.4023,216338
2024-01-02T13:44:00-05:00,473.4023,473.6969,473.0763,473.6676,202684
2024-01-02T13:45:00-05:00,473.6676,474.0284,473.2969,473.9363,248209
2024-01-02T13:46:00-05:00,473.9363,474.3123,473.5701,474.311,179257
2024-01-02T13:47:00-05:00,474.311,474.8639,474.204,474.8084,190436
2024-01-02T13:48:00-05:00,474.8084,474.8147,474.4447,474.7823,214224
2024-01-02T13:49:00-05:00,474.7823,474.9206,474.6612,474.7356,144649
2024-01-02T13:50:00-05:00,474.7356,475.0542,474.5227,474.7262,416756
2024-01-02T13:51:00-05:00,474.7262,474.9454,474.3407,474.3873,313939
2024-01-02T13:52:00-05:00,474.3873,474.8104,474.0171,474.476,320544
2024-01-02T13:53:00-05:00,474.476,474.6716,474.0448,474.4564,147809
2024-01-02T13:54:00-05:00,474.4564,474.7494,473.9702,474.1794,466137
2024-01-02T13:55:00-05:00,474.1794,474.2579,474.145,474.2265,353111
2024-01-02T13:56:00-05:00,474.2265,474.7151,473.9925,474.4447,246944
2024-01-02T13:57:00-05:00,474.4447,474.9704,474.2182,474.5456,295143
2024-01-02T13:58:00-05:00,474.5456,474.8453,474.0881,474.4523,369093
2024-01-02T13:59:00-05:00,474.4523,474.7806,474.0738,474.3816,205633
2024-01-02T14:00:00-05:00,474.3816,474.5263,474.0019,474.1954,280996
2024-01-02T14:01:00-05:00,474.1954,474.3068,474.0133,474.2662,374415
2024-01-02T14:02:00-05:00,474.2662,474.6602,474.1317,474.1604,436914
2024-01-02T14:03:00-05:00,474.1604,474.3259,474.1192,474.2862,402048
2024-01-02T14:04:00-05:00,474.2862,474.6834,474.0464,474.4329,248617
2024-01-02T14:05:00-05:00,474.4329,474.4851,473.9556,474.1065,374502
2024-01-02T14:06:00-05:00,474.1065,474.4247,473.6933,474.117,350153
2024-01-02T14:07:00-05:00,474.117,474.267,473.3076,473.5539,204777
2024-01-02T14:08:00-05:00,473.5539,473.6,473.0911,473.4513,262835
2024-01-02T14:09:00-05:00,473.4513,473.7763,473.0475,473.2921,427708
2024-01-02T14:10:00-05:00,473.2921,474.0835,473.0307,473.7346,366012
2024-01-02T14:11:00-05:00,473.7346,473.7458,472.7117,473.1073,436047
2024-01-02T14:12:00-05:00,473.1073,473.4065,472.9654,473.097,252434
2024-01-02T14:13:00-05:00,473.097,473.2868,472.7266,473.2842,337370
2024-01-02T14:14:00-05:00,473.2842,473.5539,473.1527,473.1658,404791
2024-01-02T14:15:00-05:00,473.1658,473.3582,472.987,473.2665,252835
2024-01-02T14:16:00-05:00,473.2665,473.5974,472.723,472.9646,156858
2024-01-02T14:17:00-05:00,472.9646,473.3266,472.8976,473.3042,356689
2024-01-02T14:18:00-05:00,473.3042,473.5862,473.0021,473.2089,290766
2024-01-02T14:19:00-05:00,473.2089,473.3253,472.6953,473.0167,167681
2024-01-02T14:20:00-05:00,473.0167,473.3055,472.6087,472.8158,375174
2024-01-02T14:21:00-05:00,472.8158,472.9423,472.6476,472.9229,349746
2024-01-02T14:22:00-05:00,472.9229,473.2613,472.8645,473.1713,220819
2024-01-02T14:23:00-05:00,473.1713,473.3309,473.168,473.1912,405130
2024-01-02T14:24:00-05:00,473.1912,473.624,472.9781,473.3243,437507
2024-01-02T14:25:00-05:00,473.3243,473.9239,473.2935,473.5803,448161
2024-01-02T14:26:00-05:00,473.5803,474.0341,473.2128,473.6414,340909
2024-01-02T14:27:00-05:00,473.6414,473.908,473.3389,473.6636,281635
2024-01-02T14:28:00-05:00,473.6636,473.8532,473.3219,473.7148,356796
2024-01-02T14:29:00-05:00,473.7148,474.1155,473.3226,473.7607,158048
2024-01-02T14:30:00-05:00,473.7607,474.1377,473.5373,473.8866,273412
2024-01-02T14:31:00-05:00,473.8866,474.0189,473.5728,473.7176,249900
2024-01-02T14:32:00-05:00,473.7176,473.9401,473.5001,473.8915,464721
2024-01-02T14:33:00-05:00,473.8915,474.343,473.5813,474.1939,432105
2024-01-02T14:34:00-05:00,474.1939,474.3458,474.1098,474.2833,350899
2024-01-02T14:35:00-05:00,474.2833,474.6078,473.8181,474.0978,191429
2024-01-02T14:36:00-05:00,474.0978,474.4732,473.7736,474.1513,293339
2024-01-02T14:37:00-05:00,474.1513,474.5456,473.5876,473.8283,363236
2024-01-02T14:38:00-05:00,473.8283,474.0958,473.3666,473.4309,150607
2024-01-02T14:39:00-05:00,473.4309,473.6193,472.9071,473.036,228002
2024-01-02T14:40:00-05:00,473.036,473.4903,472.8436,473.358,146333
2024-01-02T14:41:00-05:00,473.358,473.8341,473.3253,473.4797,449093
2024-01-02T14:42:00-05:00,473.4797,473.9417,473.2825,473.7255,332868
2024-01-02T14:43:00-05:00,473.7255,474.0631,473.0383,473.42,293650
2024-01-02T14:44:00-05:00,473.42,473.7126,473.2173,473.5756,181572
2024-01-02T14:45:00-05:00,473.5756,473.602,473.1515,473.1956,462172
2024-01-02T14:46:00-05:00,473.1956,473.4104,472.8768,472.9503,217903
2024-01-02T14:47:00-05:00,472.9503,473.5141,472.7632,473.3276,321030
2024-01-02T14:48:00-05:00,473.3276,473.6001,473.1535,473.4796,251887
2024-01-02T14:49:00-05:00,473.4796,473.9679,473.1433,473.713,367739
2024-01-02T14:50:00-05:00,473.713,474.1209,473.5919,473.8316,396400
2024-01-02T14:51:00-05:00,473.8316,474.165,473.4451,473.885,452479
2024-01-02T14:52:00-05:00,473.885,473.9453,473.5499,473.6991,487886
2024-01-02T14:53:00-05:00,473.6991,474.3243,473.5319,474.0263,348140
2024-01-02T14:54:00-05:00,474.0263,474.4151,473.6886,474.2544,429944
2024-01-02T14:55:00-05:00,474.2544,474.5404,473.8089,474.1627,402040
2024-01-02T14:56:00-05:00,474.1627,474.4383,473.8458,474.0264,260685
2024-01-02T14:57:00-05:00,474.0264,474.1811,473.6308,473.7077,205322
2024-01-02T14:58:00-05:00,473.7077,474.1153,473.649,474.0187,153936
2024-01-02T14:59:00-05:00,474.0187,474.3789,473.8698,473.9129,414078
2024-01-02T15:00:00-05:00,473.9129,474.2296,473.7693,474.2135,412365
2024-01-02T15:01:00-05:00,474.2135,474.2694,473.5448,473.7054,185842
2024-01-02T15:02:00-05:00,473.7054,474.2887,473.6348,473.9436,289127
2024-01-02T15:03:00-05:00,473.9436,474.1188,473.2285,473.5168,214073
2024-01-02T15:04:00-05:00,473.5168,473.8358,473.1059,473.2971,325254
2024-01-02T15:05:00-05:00,473.2971,473.5075,472.9527,473.3756,300880
2024-01-02T15:06:00-05:00,473.3756,473.9163,472.9562,473.5126,298129
2024-01-02T15:07:00-05:00,473.5126,473.6327,473.1139,473.2766,322797
2024-01-02T15:08:00-05:00,473.2766,474.1276,473.2177,473.786,218751
2024-01-02T15:09:00-05:00,473.786,474.0594,473.3007,473.6733,332952
2024-01-02T15:10:00-05:00,473.6733,474.4732,473.5518,474.11,411168
2024-01-02T15:11:00-05:00,474.11,474.5541,473.7237,474.4376,180255
2024-01-02T15:12:00-05:00,474.4376,474.5324,473.6058,473.7982,256094
2024-01-02T15:13:00-05:00,473.7982,474.0694,473.7754,474.058,313252
2024-01-02T15:14:00-05:00,474.058,474.2962,474.046,474.1362,474059
2024-01-02T15:15:00-05:00,474.1362,475.4054,473.8588,475.0466,421767
2024-01-02T15:16:00-05:00,475.0466,475.5494,474.749,475.1945,177047
2024-01-02T15:17:00-05:00,475.1945,475.6703,475.0027,475.3684,126969
2024-01-02T15:18:00-05:00,475.3684,475.9138,475.1336,475.5564,397713
2024-01-02T15:19:00-05:00,475.5564,475.8822,475.5088,475.6562,233038
2024-01-02T15:20:00-05:00,475.6562,475.8359,475.283,475.6228,296417
2024-01-02T15:21:00-05:00,475.6228,475.7496,475.2354,475.7021,348777
2024-01-02T15:22:00-05:00,475.7021,476.1419,475.6407,476.0382,285964
2024-01-02T15:23:00-05:00,476.0382,476.3313,475.9352,476.0678,281212
2024-01-02T15:24:00-05:00,476.0678,476.4854,475.9709,475.9998,322272
2024-01-02T15:25:00-05:00,475.9998,476.2172,475.4665,475.8898,332806
2024-01-02T15:26:00-05:00,475.8898,476.1621,475.2149,475.6348,220118
2024-01-02T15:27:00-05:00,475.6348,475.8394,475.2973,475.8325,254300
2024-01-02T15:28:00-05:00,475.8325,476.1629,475.4678,475.7826,249694
2024-01-02T15:29:00-05:00,475.7826,475.8016,475.1427,475.3763,430065
2024-01-02T15:30:00-05:00,475.3763,475.7928,475.0788,475.5939,361900
2024-01-02T15:31:00-05:00,475.5939,476.3762,475.5669,476.0285,416071
2024-01-02T15:32:00-05:00,476.0285,476.0473,475.7059,475.7913,140714
2024-01-02T15:33:00-05:00,475.7913,476.2458,475.5706,475.8461,495921
2024-01-02T15:34:00-05:00,475.8461,476.1687,475.5461,475.6279,258865
2024-01-02T15:35:00-05:00,475.6279,475.9621,475.191,475.5616,249471
2024-01-02T15:36:00-05:00,475.5616,476.1282,475.2435,475.7474,460489
2024-01-02T15:37:00-05:00,475.7474,476.0974,475.3305,475.9318,311076
2024-01-02T15:38:00-05:00,475.9318,476.1542,474.9319,475.2746,397655
2024-01-02T15:39:00-05:00,475.2746,475.3099,475.0169,475.2762,433377
2024-01-02T15:40:00-05:00,475.2762,475.3104,474.7441,475.0267,239935
2024-01-02T15:41:00-05:00,475.0267,475.2843,474.765,474.9472,383661
2024-01-02T15:42:00-05:00,474.9472,475.3191,474.7377,474.8884,499306
2024-01-02T15:43:00-05:00,474.8884,475.0641,474.4695,474.9468,480464
2024-01-02T15:44:00-05:00,474.9468,475.4548,474.6043,475.2994,379778
2024-01-02T15:45:00-05:00,475.2994,475.8825,475.2383,475.4748,352839
2024-01-02T15:46:00-05:00,475.4748,475.5092,475.1416,475.4804,262373
2024-01-02T15:47:00-05:00,475.4804,475.6443,475.154,475.3967,351910
2024-01-02T15:48:00-05:00,475.3967,475.5558,474.7613,475.0875,340220
2024-01-02T15:49:00-05:00,475.0875,475.3139,474.2811,474.451,368585
2024-01-02T15:50:00-05:00,474.451,474.7652,474.2289,474.442,270120
2024-01-02T15:51:00-05:00,474.442,474.8122,474.3302,474.5723,222608
2024-01-02T15:52:00-05:00,474.5723,474.6942,473.2716,473.6623,309200
2024-01-02T15:53:00-05:00,473.6623,474.0206,473.2987,473.9683,294516
2024-01-02T15:54:00-05:00,473.9683,474.2445,473.6774,474.207,442070
2024-01-02T15:55:00-05:00,474.207,474.3434,473.8657,474.0139,149352
2024-01-02T15:56:00-05:00,474.0139,474.3771,473.1229,473.4262,472746
2024-01-02T15:57:00-05:00,473.4262,473.6979,472.9219,473.26,315783
2024-01-02T15:58:00-05:00,473.26,473.4473,472.9233,473.3881,134856
2024-01-02T15:59:00-05:00,473.3881,473.7462,473.2309,473.5101,426373
